TDSFU Daily run: Sat Jun 14 20:22:30 UTC 2025 TDSFU
TDSFU Daily run: Sun Jun 15 04:44:46 UTC 2025 TDSFU
TDSFU Daily run: Mon Jun 16 04:46:36 UTC 2025 TDSFU
TDSFU Daily run: Tue Jun 17 04:43:26 UTC 2025 TDSFU
TDSFU Daily run: Wed Jun 18 04:43:53 UTC 2025 TDSFU
TDSFU Daily run: Thu Jun 19 04:43:28 UTC 2025 TDSFU
TDSFU Daily run: Fri Jun 20 04:43:39 UTC 2025 TDSFU
TDSFU Daily run: Sat Jun 21 04:39:57 UTC 2025 TDSFU
TDSFU Daily run: Sun Jun 22 04:44:19 UTC 2025 TDSFU
TDSFU Daily run: Mon Jun 23 04:48:25 UTC 2025 TDSFU
TDSFU Daily run: Tue Jun 24 04:44:50 UTC 2025 TDSFU
TDSFU Daily run: Wed Jun 25 04:44:34 UTC 2025 TDSFU
